<?xml version="1.0" encoding="UTF-8"?>
<metadata modelVersion="1.1.0">
  <groupId>org.springframework.cloud</groupId>
  <artifactId>spring-cloud-function-core</artifactId>
  <version>1.0.0.BUILD-SNAPSHOT</version>
  <versioning>
    <snapshot>
      <localCopy>true</localCopy>
    </snapshot>
    <lastUpdated>20171214062247</lastUpdated>
    <snapshotVersions>
      <snapshotVersion>
        <classifier>sources</classifier>
        <extension>jar</extension>
        <value>1.0.0.BUILD-SNAPSHOT</value>
        <updated>20171214062247</updated>
      </snapshotVersion>
      <snapshotVersion>
        <classifier>javadoc</classifier>
        <extension>jar</extension>
        <value>1.0.0.BUILD-SNAPSHOT</value>
        <updated>20171214062247</updated>
      </snapshotVersion>
      <snapshotVersion>
        <extension>jar</extension>
        <value>1.0.0.BUILD-SNAPSHOT</value>
        <updated>20171214062247</updated>
      </snapshotVersion>
      <snapshotVersion>
        <extension>pom</extension>
        <value>1.0.0.BUILD-SNAPSHOT</value>
        <updated>20171214062247</updated>
      </snapshotVersion>
    </snapshotVersions>
  </versioning>
</metadata>
