<?xml version="1.0" encoding="UTF-8"?>
<metadata modelVersion="1.1.0">
  <groupId>org.springframework.cloud</groupId>
  <artifactId>spring-cloud-function-dependencies</artifactId>
  <version>1.0.0.BUILD-SNAPSHOT</version>
  <versioning>
    <snapshot>
      <timestamp>20171211.153941</timestamp>
      <buildNumber>45</buildNumber>
    </snapshot>
    <lastUpdated>20171211153941</lastUpdated>
    <snapshotVersions>
      <snapshotVersion>
        <extension>pom</extension>
        <value>1.0.0.BUILD-20171211.153941-45</value>
        <updated>20171211153941</updated>
      </snapshotVersion>
    </snapshotVersions>
  </versioning>
</metadata>
